Number,Question,Sections
1,"In Deutschland dürfen Menschen offen etwas gegen die Regierung sagen, weil …","['Politics', 'Society and Culture']"
2,"In Deutschland können Eltern bis zum 14. Lebensjahr ihres Kindes entscheiden, ob es in der Schule am …","['Politics', 'Society and Culture']"
3,"Deutschland ist ein Rechtsstaat. Was ist damit gemeint?","['Law and Rights']"
4,"Welches Recht gehört zu den Grundrechten in Deutschland?","['Law and Rights']"
5,"Wahlen in Deutschland sind frei. Was bedeutet das?","['Politics']"
6,"Wie heißt die deutsche Verfassung?","['Politics', 'Law and Rights']"
7,"Welches Recht gehört zu den Grundrechten, die nach der deutschen Verfassung garantiert werden? Das Recht auf …","['Law and Rights']"
8,"Was steht nicht im Grundgesetz von Deutschland?","['Law and Rights']"
9,"Welches Grundrecht gilt in Deutschland nur für Ausländerinnen/Ausländer? Das Grundrecht auf …","['Law and Rights']"
10,"Was ist mit dem deutschen Grundgesetz vereinbar?","['Law and Rights']"
11,"Wie wird die Verfassung der Bundesrepublik Deutschland genannt?","['Politics', 'Law and Rights']"
12,"Eine Partei im Deutschen Bundestag will die Pressefreiheit abschaffen. Ist das möglich?","['Politics', 'Law and Rights']"
13,"Im Parlament steht der Begriff 'Opposition' für …","['Politics']"
14,"Meinungsfreiheit in Deutschland heißt zum Beispiel, dass ich …","['Society and Culture']"
15,"Was verbietet das deutsche Grundgesetz?","['Law and Rights']"
16,"Wann ist die Meinungsfreiheit in Deutschland eingeschränkt?","['Law and Rights']"
17,"Die deutschen Gesetze verbieten …","['Law and Rights']"
18,"Welches Grundrecht ist in Artikel 1 des Grundgesetzes der Bundesrepublik Deutschland garantiert?","['Law and Rights']"
19,"Was versteht man unter dem Recht der 'Freizügigkeit' in Deutschland?","['Law and Rights']"
20,"Eine Partei in Deutschland verfolgt das Ziel, eine Diktatur zu errichten. Sie ist dann …","['Politics', 'Law and Rights']"
21,"Welches ist das Wappen der Bundesrepublik Deutschland?","['Symbols and Identity']"
22,"Was für eine Staatsform hat Deutschland?","['Politics']"
23,"In Deutschland sind die meisten Erwerbstätigen …","['Economy']"
24,"Wie viele Bundesländer hat die Bundesrepublik Deutschland?","['Geography']"
25,"Was ist kein Bundesland der Bundesrepublik Deutschland?","['Geography']"
26,"Deutschland ist …","['Politics']"
27,"Deutschland ist …","['Politics']"
28,"Wer wählt in Deutschland die Abgeordneten zum Bundestag?","['Politics']"
29,"Welches Tier ist das Wappentier der Bundesrepublik Deutschland?","['Symbols and Identity']"
30,"Was ist kein Merkmal unserer Demokratie?","['Politics']"
31,"Die Zusammenarbeit von Parteien zur Bildung einer Regierung nennt man in Deutschland …","['Politics']"
32,"Was ist keine staatliche Gewalt in Deutschland?","['Politics']"
33,"Welche Aussage ist richtig? In Deutschland …","['Politics', 'Law and Rights']"
34,"Was ist Deutschland nicht?","['Politics']"
35,"Womit finanziert der deutsche Staat die Sozialversicherung?","['Economy']"
36,"Welche Maßnahme schafft in Deutschland soziale Sicherheit?","['Economy']"
37,"Wie werden die Regierungschefinnen/Regierungschefs der meisten Bundesländer in Deutschland genannt?","['Politics']"
38,"Die Bundesrepublik Deutschland ist ein demokratischer und sozialer …","['Politics']"
39,"Was hat jedes deutsche Bundesland?","['Geography', 'Politics']"
40,"Mit welchen Worten beginnt die deutsche Nationalhymne?","['Symbols and Identity']"
41,"Warum gibt es in einer Demokratie mehr als eine Partei?","['Politics']"
42,"Wer beschließt in Deutschland ein neues Gesetz?","['Politics']"
43,"Wann kann in Deutschland eine Partei verboten werden?","['Politics']"
44,"Wen kann man als Bürgerin/Bürger in Deutschland nicht direkt wählen?","['Politics']"
45,"Zu welcher Versicherung gehört die Pflegeversicherung?","['Economy']"
46,"Der deutsche Staat hat viele Aufgaben. Welche Aufgabe gehört dazu?","['Law and Rights', 'Economy']"
47,"Der deutsche Staat hat viele Aufgaben. Welche Aufgabe gehört nicht dazu?","['Law and Rights', 'Economy']"
48,"Welches Organ gehört nicht zu den Verfassungsorganen Deutschlands?","['Politics']"
49,"Wer bestimmt in Deutschland die Schulpolitik?","['Politics']"
50,"Die Wirtschaftsform in Deutschland nennt man …","['Economy']"
51,"Zu einem demokratischen Rechtsstaat gehört es nicht, dass …","['Law and Rights']"
52,"Was bedeutet 'Volkssouveränität'? Alle Staatsgewalt geht vom ...","['Politics']"
53,"Was bedeutet 'Rechtsstaat' in Deutschland?","['Law and Rights']"
54,"Was ist keine staatliche Gewalt in Deutschland?","['Politics']"
55,"Was zeigt dieses Bild?","['Politics', 'Geography']"
56,"Welches Amt gehört in Deutschland zur Gemeindeverwaltung?","['Politics']"
57,"Wer wird meistens zur Präsidentin/zum Präsidenten des Deutschen Bundestages gewählt?","['Politics']"
58,"Wer ernennt in Deutschland die Ministerinnen/die Minister der Bundesregierung?","['Politics']"
59,"Vor wie vielen Jahren gab es erstmals eine jüdische Gemeinde auf dem Gebiet des heutigen Deutschlands?","['History']"
60,"In Deutschland gehören der Bundestag und der Bundesrat zur …","['Politics']"
61,"Was bedeutet 'Volkssouveränität'?","['Politics']"
62,"Wenn das Parlament eines deutschen Bundeslandes gewählt wird, nennt man das …","['Politics']"
63,"Was gehört in Deutschland nicht zur Exekutive?","['Politics']"
64,"Die Bundesrepublik Deutschland ist heute gegliedert in …","['Politics', 'Geography']"
65,"Es gehört nicht zu den Aufgaben des Deutschen Bundestages, …","['Politics']"
66,"Welche Städte haben die größten jüdischen Gemeinden in Deutschland?","['History']"
67,"Was ist in Deutschland vor allem eine Aufgabe der Bundesländer?","['Politics']"
68,"Warum kontrolliert der Staat in Deutschland das Schulwesen?","['Politics']"
69,"Die Bundesrepublik Deutschland hat einen dreistufigen Verwaltungsaufbau. Wie heißt die unterste politische Stufe?","['Politics']"
70,"Der deutsche Bundespräsident Gustav Heinemann gibt Helmut Schmidt 1974 die Ernennungsurkunde zum deutschen Bundeskanzler. Was gehört zu den Aufgaben der deutschen Bundespräsidentin/des deutschen Bundespräsidenten?","['Politics']"
71,"Wo hält sich die deutsche Bundeskanzlerin/der deutsche Bundeskanzler am häufigsten auf?","['Politics', 'Geography']"
72,"Wie heißt der jetzige Bundeskanzler /die jetzige Bundeskanzlerin von Deutschland?","['Politics']"
73,"Die beiden größten Fraktionen im Deutschen Bundestag heißen zurzeit …","['Politics']"
74,"Wie heißt das Parlament für ganz Deutschland?","['Politics']"
75,"Wie heißt Deutschlands heutiges Staatsoberhaupt?","['Politics']"
76,"Was bedeutet die Abkürzung CDU in Deutschland?","['Politics']"
77,"Was ist die Bundeswehr?","['Politics', 'Law and Rights']"
78,"Was bedeutet die Abkürzung SPD?","['Politics']"
79,"Was bedeutet die Abkürzung FDP in Deutschland?","['Politics']"
80,"Welches Gericht in Deutschland ist zuständig für die Auslegung des Grundgesetzes?","['Law and Rights']"
81,"Wer wählt die Bundeskanzlerin/den Bundeskanzler in Deutschland?","['Politics']"
82,"Wer leitet das deutsche Bundeskabinett?","['Politics']"
83,"Wer wählt die deutsche Bundeskanzlerin/den deutschen Bundeskanzler?","['Politics']"
84,"Welche Hauptaufgabe hat die deutsche Bundespräsidentin/der deutsche Bundespräsident?","['Politics']"
85,"Wer bildet den deutschen Bundesrat?","['Politics']"
86,"Wer wählt in Deutschland die Bundespräsidentin/den Bundespräsidenten?","['Politics']"
87,"Wer ist das Staatsoberhaupt der Bundesrepublik Deutschland?","['Politics']"
88,"Die parlamentarische Opposition im Deutschen Bundestag …","['Politics']"
89,"Wie nennt man in Deutschland die Vereinigung von Abgeordneten einer Partei im Parlament?","['Politics']"
90,"Die deutschen Bundesländer wirken an der Gesetzgebung des Bundes mit durch …","['Politics']"
91,"In Deutschland kann ein Regierungswechsel in einem Bundesland Auswirkungen auf die Bundespolitik haben. Das Regieren wird …","['Politics']"
92,"Was bedeutet die Abkürzung CSU in Deutschland?","['Politics']"
93,"Je mehr 'Zweitstimmen' eine Partei bei einer Bundestagswahl bekommt, desto …","['Politics']"
94,"Ab welchem Alter darf man in Deutschland an der Wahl zum Deutschen Bundestag teilnehmen?","['Politics']"
95,"Was gilt für die meisten Kinder in Deutschland?","['Law and Rights']"
96,"Wie kann jemand, der den Holocaust leugnet, bestraft werden?","['Law and Rights']"
97,"Was bezahlt man in Deutschland automatisch, wenn man fest angestellt ist?","['Economy']"
98,"Wenn Abgeordnete im Deutschen Bundestag ihre Fraktion wechseln, …","['Politics']"
99,"Wer bezahlt in Deutschland die Sozialversicherungen?","['Economy']"
100,"Was gehört nicht zur gesetzlichen Sozialversicherung?","['Economy']"
101,"Gewerkschaften sind Interessenverbände der …","['Economy']"
102,"Womit kann man in der Bundesrepublik Deutschland geehrt werden, wenn man auf politischem, wirtschaftlichem, kulturellem, geistigem oder sozialem Gebiet eine besondere Leistung erbracht hat? Mit dem …","['Symbols and Identity']"
103,"Was wird in Deutschland als 'Ampelkoalition' bezeichnet? Die Zusammenarbeit …","['Politics']"
104,"Eine Frau in Deutschland verliert ihre Arbeit. Was darf nicht der Grund für diese Entlassung sein?","['Law and Rights']"
105,"Was ist eine Aufgabe von Wahlhelferinnen/Wahlhelfern in Deutschland?","['Politics']"
106,"In Deutschland helfen ehrenamtliche Wahlhelferinnen und Wahlhelfer bei den Wahlen. Was ist eine Aufgabe von Wahlhelferinnen/Wahlhelfern?","['Politics']"
107,"Für wie viele Jahre wird der Bundestag in Deutschland gewählt?","['Politics']"
108,"Bei einer Bundestagswahl in Deutschland darf jede/jeder wählen, die/der …","['Politics']"
109,"Wie oft gibt es normalerweise Bundestagswahlen in Deutschland?","['Politics']"
110,"Für wie viele Jahre wird der Bundestag in Deutschland gewählt?","['Politics']"
111,"Welche Handlung mit Bezug auf den Staat Israel ist in Deutschland verboten?","['Law and Rights']"
112,"Die Wahlen in Deutschland sind …","['Politics']"
113,"Wahlen in Deutschland gewinnt die Partei, die …","['Politics']"
114,"An demokratischen Wahlen in Deutschland teilzunehmen ist …","['Politics']"
115,"Was bedeutet 'aktives Wahlrecht' in Deutschland?","['Politics']"
116,"Wenn Sie bei einer Bundestagswahl in Deutschland wählen dürfen, heißt das …","['Politics']"
117,"Wie viel Prozent der Zweitstimmen müssen Parteien mindestens bekommen, um in den Deutschen Bundestag gewählt zu werden?","['Politics']"
118,"Wer darf bei den rund 40 jüdischen Makkabi-Sportvereinen Mitglied werden?","['Society and Culture']"
119,"Wahlen in Deutschland sind frei. Was bedeutet das?","['Politics']"
120,"Das Wahlsystem in Deutschland ist ein …","['Politics']"
121,"Eine Partei möchte in den Deutschen Bundestag. Sie muss aber einen Mindestanteil an Wählerstimmen haben. Das heißt …","['Politics']"
122,"Welchem Grundsatz unterliegen Wahlen in Deutschland? Wahlen in Deutschland sind …","['Politics']"
123,"Was ist in Deutschland die '5%-Hürde'?","['Politics']"
124,"Die Bundestagswahl in Deutschland ist die Wahl …","['Politics']"
125,"In einer Demokratie ist eine Funktion von regelmäßigen Wahlen, …","['Politics']"
126,"Was bekommen wahlberechtigte Bürgerinnen und Bürger in Deutschland vor einer Wahl?","['Politics']"
127,"Warum gibt es die 5%-Hürde im Wahlgesetz der Bundesrepublik Deutschland? Es gibt sie, weil …","['Politics']"
128,"Parlamentsmitglieder, die von den Bürgerinnen und Bürgern gewählt werden, nennt man …","['Politics']"
129,"Vom Volk gewählt wird in Deutschland …","['Politics']"
130,"Welcher Stimmzettel wäre bei einer Bundestagswahl gültig?","['Politics']"
131,"In Deutschland ist eine Bürgermeisterin/ein Bürgermeister …","['Politics']"
132,"Viele Menschen in Deutschland arbeiten in ihrer Freizeit ehrenamtlich. Was bedeutet das?","['Society and Culture']"
133,"Was ist bei Bundestags- und Landtagswahlen in Deutschland erlaubt?","['Politics']"
134,"Man will die Buslinie abschaffen, mit der Sie immer zur Arbeit fahren. Was können Sie machen, um die Buslinie zu erhalten?","['Politics']"
135,"Wen vertreten die Gewerkschaften in Deutschland?","['Economy']"
136,"Sie gehen in Deutschland zum Arbeitsgericht bei …","['Law and Rights']"
137,"Welches Gericht ist in Deutschland bei Konflikten in der Arbeitswelt zuständig?","['Law and Rights']"
138,"Was kann ich in Deutschland machen, wenn mir meine Arbeitgeberin/mein Arbeitgeber zu Unrecht gekündigt hat?","['Law and Rights']"
139,"Wann kommt es in Deutschland zu einem Prozess vor Gericht? Wenn jemand …","['Law and Rights']"
140,"Was macht eine Schöffin/ein Schöffe in Deutschland? Sie/Er …","['Law and Rights']"
141,"Wer berät in Deutschland Personen bei Rechtsfragen und vertritt sie vor Gericht?","['Law and Rights']"
142,"Was ist die Hauptaufgabe einer Richterin/eines Richters in Deutschland? Eine Richterin/ein Richter …","['Law and Rights']"
143,"Eine Richterin/ein Richter in Deutschland gehört zur …","['Law and Rights']"
144,"Eine Richterin/ein Richter gehört in Deutschland zur …","['Law and Rights']"
145,"In Deutschland wird die Staatsgewalt geteilt. Für welche Staatsgewalt arbeitet eine Richterin/ein Richter? Für die …","['Law and Rights']"
146,"Wie nennt man in Deutschland ein Verfahren vor einem Gericht?","['Law and Rights']"
147,"Was ist die Arbeit einer Richterin/eines Richters in Deutschland?","['Law and Rights']"
148,"Was ist eine Aufgabe der Polizei in Deutschland?","['Law and Rights']"
149,"Was ist ein Beispiel für antisemitisches Verhalten?","['Society and Culture']"
150,"Eine Gerichtsschöffin/ein Gerichtsschöffe in Deutschland ist …","['Law and Rights']"
151,"Wer baute die Mauer in Berlin?","['History']"
152,"Wann waren die Nationalsozialisten mit Adolf Hitler in Deutschland an der Macht?","['History']"
153,"Was war am 8. Mai 1945?","['History']"
154,"Wann war der Zweite Weltkrieg zu Ende?","['History']"
155,"Wann waren die Nationalsozialisten in Deutschland an der Macht?","['History']"
156,"In welchem Jahr wurde Hitler Reichskanzler?","['History']"
157,"Die Nationalsozialisten mit Adolf Hitler errichteten 1933 in Deutschland …","['History']"
158,"Das 'Dritte Reich' war eine …","['History']"
159,"Was gab es in Deutschland nicht während der Zeit des Nationalsozialismus?","['History']"
160,"Welcher Krieg dauerte von 1939 bis 1945?","['History']"
161,"Was kennzeichnete den NS-Staat? Eine Politik …","['History']"
162,"Claus Schenk Graf von Stauffenberg wurde bekannt durch …","['History']"
163,"In welchem Jahr zerstörten die Nationalsozialisten Synagogen und jüdische Geschäfte in Deutschland?","['History']"
164,"Was passierte am 9. November 1938 in Deutschland?","['History']"
165,"Wie hieß der erste Bundeskanzler der Bundesrepublik Deutschland?","['History']"
166,"Bei welchen Demonstrationen in Deutschland riefen die Menschen 'Wir sind das Volk'?","['History']"
167,"Welche Länder wurden nach dem Zweiten Weltkrieg in Deutschland als 'Alliierte Besatzungsmächte' bezeichnet?","['History']"
168,"Welches Land war keine 'Alliierte Besatzungsmacht' in Deutschland?","['History']"
169,"Wann wurde die Bundesrepublik Deutschland gegründet?","['History']"
170,"Was gab es während der Zeit des Nationalsozialismus in Deutschland?","['History']"
171,"Soziale Marktwirtschaft bedeutet, die Wirtschaft …","['Economy']"
172,"In welcher Besatzungszone wurde die DDR gegründet? In der …","['History']"
173,"Die Bundesrepublik Deutschland ist ein Gründungsmitglied …","['Politics', 'History']"
174,"Wann wurde die DDR gegründet?","['History']"
175,"Wie viele Besatzungszonen gab es in Deutschland nach dem Zweiten Weltkrieg?","['History']"
176,"Wie waren die Besatzungszonen Deutschlands nach 1945 verteilt?","['History']"
177,"Welche deutsche Stadt wurde nach dem Zweiten Weltkrieg in vier Sektoren aufgeteilt?","['History']"
178,"Vom Juni 1948 bis zum Mai 1949 wurden die Bürgerinnen und Bürger von West-Berlin durch eine Luftbrücke versorgt. Welcher Umstand war dafür verantwortlich?","['History']"
179,"Wie endete der Zweite Weltkrieg in Europa offiziell?","['History']"
180,"Der erste Bundeskanzler der Bundesrepublik Deutschland war …","['History']"
181,"Was wollte Willy Brandt mit seinem Kniefall 1970 im ehemaligen jüdischen Ghetto in Warschau ausdrücken?","['History', 'Society and Culture']"
182,"Wie heißt das jüdische Gebetshaus?","['Society and Culture']"
183,"Wann war in der Bundesrepublik Deutschland das 'Wirtschaftswunder'?","['History', 'Economy']"
184,"Auf welcher rechtlichen Grundlage wurde der Staat Israel gegründet?","['History']"
185,"Wofür stand der Ausdruck 'Eiserner Vorhang'?","['History']"
186,"Im Jahr 1953 gab es in der DDR einen Aufstand, an den lange Zeit in der Bundesrepublik Deutschland ein Feiertag erinnerte. Wann war das?","['History']"
187,"Welcher deutsche Staat hatte eine schwarz-rot-goldene Flagge mit Hammer, Zirkel und Ährenkranz?","['History']"
188,"In welchem Jahr wurde die Mauer in Berlin gebaut?","['History']"
189,"Wann baute die DDR die Mauer in Berlin?","['History']"
190,"Was bedeutet die Abkürzung DDR?","['History']"
191,"Wann wurde die Mauer in Berlin für alle geöffnet?","['History']"
192,"Welches heutige deutsche Bundesland gehörte früher zum Gebiet der DDR?","['Geography', 'History']"
193,"Von 1961 bis 1989 war Berlin …","['History']"
194,"Am 3. Oktober feiert man in Deutschland den Tag der Deutschen …","['History']"
195,"Welches heutige deutsche Bundesland gehörte früher zum Gebiet der DDR?","['Geography', 'History']"
196,"Warum nennt man die Zeit im Herbst 1989 in der DDR 'Die Wende'?","['History']"
197,"Welches heutige deutsche Bundesland gehörte früher zum Gebiet der DDR?","['Geography', 'History']"
198,"Welches heutige deutsche Bundesland gehörte früher zum Gebiet der DDR?","['Geography', 'History']"
199,"Mit der Abkürzung 'Stasi' meinte man in der DDR …","['History']"
200,"Welches heutige deutsche Bundesland gehörte früher zum Gebiet der DDR?","['Geography', 'History']"
201,"Welche der folgenden Auflistungen enthält nur Bundesländer, die zum Gebiet der früheren DDR gehörten?","['Geography', 'History']"
202,"Zu wem gehörte die DDR im 'Kalten Krieg'?","['History']"
203,"Wie hieß das Wirtschaftssystem der DDR?","['History']"
204,"Wie wurden die Bundesrepublik Deutschland und die DDR zu einem Staat?","['History']"
205,"Mit dem Beitritt der DDR zur Bundesrepublik Deutschland gehören die neuen Bundesländer nun auch …","['History']"
206,"Woran erinnern die sogenannten „Stolpersteine“ in Deutschland?","['History', 'Society and Culture']"
207,"In welchem Militärbündnis war die DDR Mitglied?","['History']"
208,"Was war die 'Stasi'?","['History']"
209,"Welches war das Wappen der Deutschen Demokratischen Republik?","['History']"
210,"Was ereignete sich am 17. Juni 1953 in der DDR?","['History']"
211,"Welcher Politiker steht für die 'Ostverträge'?","['History', 'Politics']"
212,"Wie heißt Deutschland mit vollem Namen?","['Geography', 'Politics']"
213,"Wie viele Einwohner hat Deutschland?","['Geography', 'Society and Culture']"
214,"Welche Farben hat die deutsche Flagge?","['Symbols and Identity']"
215,"Wer wird als 'Kanzler der Deutschen Einheit' bezeichnet?","['History']"
216,"Welches Symbol ist im Plenarsaal des Deutschen Bundestages zu sehen?","['Symbols and Identity', 'Politics']"
217,"In welchem Zeitraum gab es die Deutsche Demokratische Republik (DDR)?","['History']"
218,"Wie viele Bundesländer kamen bei der Wiedervereinigung 1990 zur Bundesrepublik Deutschland hinzu?","['History']"
219,"Die Bundesrepublik Deutschland hat die Grenzen von heute seit …","['Geography', 'History']"
220,"Der 27. Januar ist in Deutschland ein offizieller Gedenktag. Woran erinnert dieser Tag?","['History', 'Society and Culture']"
221,"Deutschland ist Mitglied des Schengener Abkommens. Was bedeutet das?","['Politics']"
222,"Welches Land ist ein Nachbarland von Deutschland?","['Geography']"
223,"Welches Land ist ein Nachbarland von Deutschland?","['Geography']"
224,"Was bedeutet die Abkürzung EU?","['Politics', 'European Union']"
225,"In welchem anderen Land gibt es eine große deutschsprachige Bevölkerung?","['Geography', 'European Union']"
226,"Welche ist die Flagge der Europäischen Union?","['European Union', 'Symbols and Identity']"
227,"Welches Land ist ein Nachbarland von Deutschland?","['Geography']"
228,"Wie wird der Beitritt der DDR zur Bundesrepublik Deutschland im Jahr 1990 allgemein genannt?","['History']"
229,"Welches Land ist ein Nachbarland von Deutschland?","['Geography']"
230,"Das Europäische Parlament wird regelmäßig gewählt, nämlich alle …","['Politics', 'European Union']"
231,"Was bedeutet der Begriff 'europäische Integration'?","['European Union']"
232,"Wer wird bei der Europawahl gewählt?","['European Union']"
233,"Welches Land ist ein Nachbarland von Deutschland?","['Geography']"
234,"Wo ist der Sitz des Europäischen Parlaments?","['European Union']"
235,"Der damalige französische Staatspräsident François Mitterrand und der damalige deutsche Bundeskanzler Helmut Kohl gedenken in Verdun gemeinsam der Toten beider Weltkriege. Welches Ziel der Europäischen Union wird bei diesem Treffen deutlich?","['History', 'European Union']"
236,"Wie viele Mitgliedstaaten hat die EU heute?","['European Union']"
237,"2007 wurde das 50-jährige Jubiläum der 'Römischen Verträge' gefeiert. Was war der Inhalt der Verträge?","['European Union', 'History']"
238,"An welchen Orten arbeitet das Europäische Parlament?","['European Union']"
239,"Durch welche Verträge schloss sich die Bundesrepublik Deutschland mit anderen Staaten zur Europäischen Wirtschaftsgemeinschaft zusammen?","['European Union', 'History']"
240,"Seit wann bezahlt man in Deutschland mit dem Euro in bar?","['Economy', 'European Union']"
241,"Frau Seger bekommt ein Kind. Was muss sie tun, um Elterngeld zu erhalten?","['Law and Rights', 'Society and Culture']"
242,"Wer entscheidet, ob ein Kind in Deutschland in den Kindergarten geht?","['Law and Rights', 'Society and Culture']"
243,"Maik und Sybille wollen mit Freunden an ihrem deutschen Wohnort eine Demonstration auf der Straße abhalten. Was müssen sie vorher tun?","['Law and Rights', 'Society and Culture']"
244,"Welchen Schulabschluss braucht man normalerweise, um an einer Universität in Deutschland ein Studium zu beginnen?","['Education']"
245,"Wer darf in Deutschland nicht als Paar zusammenleben?","['Law and Rights']"
246,"Ab welchem Alter ist man in Deutschland volljährig?","['Law and Rights']"
247,"Eine Frau ist schwanger. Sie ist kurz vor und nach der Geburt ihres Kindes vom Gesetz besonders beschützt. Wie heißt dieser Schutz?","['Law and Rights', 'Society and Culture']"
248,"Die Erziehung der Kinder ist in Deutschland ist vor allem Aufgabe …","['Law and Rights', 'Society and Culture']"
249,"Wer ist in Deutschland hauptsächlich verantwortlich für die Kindererziehung?","['Law and Rights', 'Society and Culture']"
250,"In Deutschland hat man die besten Chancen auf einen gut bezahlten Arbeitsplatz, wenn man …","['Economy']"
251,"Wenn man in Deutschland ein Kind schlägt, …","['Law and Rights']"
252,"In Deutschland …","['Law and Rights']"
253,"Wo müssen Sie sich anmelden, wenn Sie in Deutschland umziehen?","['Law and Rights']"
254,"In Deutschland dürfen Ehepaare sich scheiden lassen. Meistens müssen sie dazu das 'Trennungsjahr' einhalten. Was bedeutet das?","['Law and Rights']"
255,"Bei Erziehungsproblemen können Eltern in Deutschland Hilfe erhalten vom …","['Law and Rights', 'Society and Culture']"
256,"Ein Ehepaar möchte in Deutschland ein Restaurant eröffnen. Was braucht es dazu unbedingt?","['Law and Rights', 'Economy']"
257,"Eine erwachsene Frau möchte in Deutschland das Abitur nachholen. Das kann sie an …","['Education']"
258,"Was darf das Jugendamt in Deutschland?","['Law and Rights', 'Society and Culture']"
259,"Das Berufsinformationszentrum BIZ bei der Bundesagentur für Arbeit in Deutschland hilft bei der …","['Economy']"
260,"In Deutschland hat ein Kind in der Schule …","['Education']"
261,"Ein Mann möchte mit 30 Jahren in Deutschland sein Abitur nachholen. Wo kann er das tun?","['Education']"
262,"Was bedeutet in Deutschland der Grundsatz der Gleichbehandlung?","['Law and Rights']"
263,"In Deutschland sind Jugendliche ab 14 Jahren strafmündig. Das bedeutet: Jugendliche, die 14 Jahre und älter sind und gegen Strafgesetze verstoßen, …","['Law and Rights']"
264,"Zu welchem Fest tragen Menschen in Deutschland bunte Kostüme und Masken?","['Society and Culture']"
265,"Wohin muss man in Deutschland zuerst gehen, wenn man heiraten möchte?","['Law and Rights']"
266,"Wann beginnt die gesetzliche Nachtruhe in Deutschland?","['Law and Rights']"
267,"Eine junge Frau in Deutschland, 22 Jahre alt, lebt mit ihrem Freund zusammen. Die Eltern der Frau finden das nicht gut, weil ihnen der Freund nicht gefällt. Was können die Eltern tun?","['Law and Rights', 'Society and Culture']"
268,"Eine junge Frau will den Führerschein machen. Sie hat Angst vor der Prüfung, weil ihre Muttersprache nicht Deutsch ist. Was ist richtig?","['Law and Rights', 'Society and Culture']"
269,"In Deutschland haben Kinder ab dem Alter von drei Jahren bis zur Ersteinschulung einen Anspruch auf …","['Education', 'Society and Culture']"
270,"Die Volkshochschule in Deutschland ist eine Einrichtung …","['Education']"
271,"Was ist in Deutschland ein Brauch zu Weihnachten?","['Society and Culture']"
272,"Welche Lebensform ist in Deutschland nicht erlaubt?","['Law and Rights']"
273,"Bei Erziehungsproblemen gehen Sie in Deutschland …","['Law and Rights', 'Society and Culture']"
274,"Sie haben in Deutschland absichtlich einen Brief geöffnet, der an eine andere Person adressiert ist. Was haben Sie nicht beachtet?","['Law and Rights']"
275,"Was braucht man in Deutschland für eine Ehescheidung?","['Law and Rights']"
276,"Was sollten Sie tun, wenn Sie von Ihrer Ansprechpartnerin/Ihrem Ansprechpartner in einer deutschen Behörde schlecht behandelt werden?","['Law and Rights']"
277,"Eine Frau, die ein zweijähriges Kind hat, bewirbt sich in Deutschland um eine Stelle. Was ist ein Beispiel für Diskriminierung? Sie bekommt die Stelle nur deshalb nicht, weil sie …","['Law and Rights']"
278,"Ein Mann im Rollstuhl hat sich auf eine Stelle als Buchhalter beworben. Was ist ein Beispiel für Diskriminierung? Er bekommt die Stelle nur deshalb nicht, weil er …","['Law and Rights']"
279,"In den meisten Mietshäusern in Deutschland gibt es eine 'Hausordnung'. Was steht in einer solchen 'Hausordnung'?","['Law and Rights']"
280,"Wenn Sie sich in Deutschland gegen einen falschen Steuerbescheid wehren wollen, müssen Sie …","['Law and Rights']"
281,"Zwei Freunde wollen in ein öffentliches Schwimmbad in Deutschland. Beide haben eine dunkle Hautfarbe und werden deshalb nicht hineingelassen. Welches Recht wird in dieser Situation verletzt? Das Recht auf …","['Law and Rights']"
282,"Welches Ehrenamt müssen deutsche Staatsbürgerinnen und Staatsbürger übernehmen, wenn sie dazu aufgefordert werden?","['Law and Rights', 'Society and Culture']"
283,"Was tun Sie, wenn Sie eine falsche Rechnung von einer deutschen Behörde bekommen?","['Law and Rights']"
284,"Was man für die Arbeit können muss, ändert sich in Zukunft sehr schnell. Was kann man tun?","['Economy', 'Education']"
285,"Frau Frost arbeitet als fest angestellte Mitarbeiterin in einem Büro. Was muss sie nicht von ihrem Gehalt bezahlen?","['Economy']"
286,"Welche Organisation in einer Firma hilft den Arbeitnehmerinnen und Arbeitnehmern bei Problemen mit der Arbeitgeberin/dem Arbeitgeber?","['Economy']"
287,"Sie möchten bei einer Firma in Deutschland ihr Arbeitsverhältnis beenden. Was müssen Sie beachten?","['Law and Rights', 'Economy']"
288,"Woraus begründet sich Deutschlands besondere Verantwortung für Israel?","['History']"
289,"Ein Mann mit dunkler Hautfarbe bewirbt sich um eine Stelle als Kellner in einem Restaurant in Deutschland. Was ist ein Beispiel für Diskriminierung? Er bekommt die Stelle nur deshalb nicht, weil …","['Law and Rights']"
290,"Sie haben in Deutschland einen Fernseher gekauft. Zu Hause packen Sie den Fernseher aus, doch er funktioniert nicht. Der Fernseher ist kaputt. Was können Sie machen?","['Law and Rights']"
291,"Warum muss man in Deutschland bei der Steuererklärung aufschreiben, ob man zu einer Kirche gehört oder nicht?","['Law and Rights']"
292,"Die Menschen in Deutschland leben nach dem Grundsatz der religiösen Toleranz. Was bedeutet das?","['Law and Rights', 'Society and Culture']"
293,"Was ist in Deutschland ein Brauch zu Ostern?","['Society and Culture']"
294,"Pfingsten ist ein …","['Society and Culture']"
295,"Welche Religion hat die europäische und deutsche Kultur geprägt?","['Society and Culture']"
296,"In Deutschland nennt man die letzten vier Wochen vor Weihnachten …","['Society and Culture']"
297,"Aus welchem Land sind die meisten Migrantinnen und Migranten nach Deutschland gekommen?","['Society and Culture']"
298,"In der DDR lebten vor allem Migrantinnen und Migranten aus …","['History']"
299,"Ausländische Arbeitnehmerinnen und Arbeitnehmer, die in den 50er und 60er Jahren von der Bundesrepublik Deutschland angeworben wurden, nannte man …","['History']"
300,"Aus welchem Land kamen die ersten Gastarbeiterinnen und Gastarbeiter nach Bundesrepublik Deutschland?","['History']"